Index,User Id,First Name,Last Name,Sex,Email,Phone,Date of birth,Job Title,Full Name,Age
1,88F7B33d2bcf9f5,Shelby,Terrell,M,elijah57@example.net,001-084-906-7849x73518,1945-10-26,Games developer,Shelby Terrell,81
2,f90cD3E76f1A9b9,Phillip,Summers,F,bethany14@example.com,214.112.6044x4913,1910-03-24,Phytotherapist,Phillip Summers,116
3,DbeAb8CcdfeFC2c,Kristine,Travis,M,bthompson@example.com,277.609.7938,1992-07-02,Homeopath,Kristine Travis,34
4,A31Bee3c201ef58,Yesenia,Martinez,M,kaitlinkaiser@example.com,584.094.6111,2017-08-03,Market researcher,Yesenia Martinez,9
5,1bA7A3dc874da3c,Lori,Todd,M,buchananmanuel@example.net,689-207-3558x7233,1938-12-01,Veterinary surgeon,Lori Todd,88
6,bfDD7CDEF5D865B,Erin,Day,M,tconner@example.org,001-171-649-9856x5553,2015-10-28,Waste management officer,Erin Day,11
7,bE9EEf34cB72AF7,Katherine,Buck,F,conniecowan@example.com,+1-773-151-6685x49162,1989-01-22,Intelligence analyst,Katherine Buck,37
8,2EFC6A4e77FaEaC,Ricardo,Hinton,M,wyattbishop@example.com,001-447-699-7998x88612,1924-03-26,Hydrogeologist,Ricardo Hinton,102
9,baDcC4DeefD8dEB,Dave,Farrell,M,nmccann@example.net,603-428-2429x27392,2018-10-06,Lawyer,Dave Farrell,8
10,8e4FB470FE19bF0,Isaiah,Downs,M,virginiaterrell@example.org,+1-511-372-1544x8206,1964-09-20,"Engineer, site",Isaiah Downs,62
11,BF0BbA03C29Bb3b,Sheila,Ross,F,huangcathy@example.com,895.881.4746,2008-03-20,Advertising account executive,Sheila Ross,18
12,F738c69fB34E62E,Stacy,Newton,M,rayleroy@example.org,710.673.3213x80335,1980-10-20,Warden/ranger,Stacy Newton,46
13,C03fDADdAadAdCe,Mandy,Blake,M,jefferynoble@example.org,(992)466-1305x4947,2007-12-08,"Scientist, clinical (histocompatibility and immunogenetics)",Mandy Blake,19
14,b759b74BD1dE80d,Bridget,Nash,F,mercedes44@example.com,(216)627-8359,2004-06-28,Social worker,Bridget Nash,22
15,1F0B7D65A00DAF9,Crystal,Farmer,M,pmiranda@example.org,+1-024-377-5391,1992-03-09,Agricultural consultant,Crystal Farmer,34
16,50Bb061cB30B461,Thomas,Knight,F,braunpriscilla@example.net,+1-360-880-0766,2006-02-18,Sport and exercise psychologist,Thomas Knight,20
17,D6dbA5308fEC4BC,Maurice,Rangel,M,sheenabanks@example.com,(246)187-4969,2004-08-20,Secretary/administrator,Maurice Rangel,22
18,311D775990f066d,Frank,Meadows,M,gbrewer@example.org,429.965.3902x4447,2008-09-16,Audiological scientist,Frank Meadows,18
19,7F7E1BAcb0C9AFf,Alvin,Paul,M,gilbertdonaldson@example.com,219.436.0887x07551,1949-05-12,"Teacher, adult education",Alvin Paul,77
20,88473e15D5c3cD0,Jared,Mitchell,F,jcortez@example.com,+1-958-849-6781,1921-01-18,Paediatric nurse,Jared Mitchell,105
21,b31D271F8c200AB,Jacqueline,Norton,F,carias@example.net,819.309.7679x59173,1952-10-09,"Scientist, marine",Jacqueline Norton,74
22,42F4BdA841aBadC,Colleen,Hatfield,F,fknox@example.org,638.584.1090,1949-10-14,Commercial horticulturist,Colleen Hatfield,77
23,cBbBcA0FCA3C4Bc,Randy,Barnes,M,huangbill@example.org,001-960-629-7164x67214,1947-12-30,Outdoor activities/education manager,Randy Barnes,79
24,f1f89173353aD90,Janice,Rhodes,F,juarezdominique@example.net,001-249-314-9742x6996,1999-11-01,Drilling engineer,Janice Rhodes,27
25,c5B09fb33e8bA0A,Alfred,Mcneil,F,cassandramorris@example.com,(468)276-9509x53058,1993-05-28,Systems analyst,Alfred Mcneil,33
26,c9F2282C40BEC1E,Sean,Levine,M,sallymiller@example.net,4915828504,2010-10-09,"Conservation officer, nature",Sean Levine,16
27,9c1bc7EC53Fb7cE,Louis,Payne,M,bsullivan@example.net,6232695307,1916-01-29,Counsellor,Louis Payne,110
28,ddEc50e2A2e3a2B,Brittney,Vega,F,ayalajose@example.net,945-739-8686,1932-10-31,Recycling officer,Brittney Vega,94
29,66F096D36Ebae11,Judy,Buckley,M,irosales@example.net,001-654-208-1241x52830,1963-07-28,Art gallery manager,Judy Buckley,63
30,F0fE2faAd78F8b5,Norman,Weber,M,mconrad@example.com,223.002.0429,1957-05-21,Gaffer,Norman Weber,69
31,5d2feAfbdCAA6B5,Isaiah,Camacho,F,jimblake@example.org,001-536-544-3367,1966-04-07,Food technologist,Isaiah Camacho,60
32,cDa5F303fCd6dEa,Jacqueline,Gallagher,M,nsampson@example.net,(247)762-8934,1999-02-25,Building services engineer,Jacqueline Gallagher,27
33,8Ef7DBfcaB02b6B,Bonnie,Andrews,F,caitlin24@example.net,+1-253-987-2776x9161,1953-12-21,Seismic interpreter,Bonnie Andrews,73
34,6Dec5b5542F8ed8,Brandon,Schmidt,F,mconley@example.net,+1-386-673-1465x006,1931-05-12,"Engineer, biomedical",Brandon Schmidt,95
35,3Fb8a7f68e12784,Jackson,Sparks,F,reynoldsdarryl@example.net,(137)908-3129x65035,1980-11-18,Set designer,Jackson Sparks,46
36,035eff50B9A0F24,Melody,Cook,M,jeannovak@example.org,(826)792-7381,1963-06-25,Research scientist (life sciences),Melody Cook,63
37,aa614aAE4B7Cf0C,Leonard,Hurst,M,clinton78@example.org,941-038-0427x38800,1938-03-13,"Accountant, chartered management",Leonard Hurst,88
38,ACcde95AAe3e6cC,Gene,Rich,F,luisdeleon@example.org,+1-356-818-6604x89537,1946-08-22,"Surveyor, quantity",Gene Rich,80
39,b6a35de5CB6fc25,Cynthia,Wiggins,F,rosariodave@example.org,(110)858-2437x70190,1984-01-27,Outdoor activities/education manager,Cynthia Wiggins,42
40,e92A191E345fA3A,Tanya,Mckinney,F,vickihouston@example.com,(830)774-9002x086,2003-03-12,Information systems manager,Tanya Mckinney,23
41,7D0AcBF6CCac3fd,Matthew,Stone,F,evelyn31@example.org,952-381-6360,2017-08-23,"Scientist, clinical (histocompatibility and immunogenetics)",Matthew Stone,9
42,CEFA7BBCef013AE,Kirk,Walsh,F,stephenfuller@example.org,001-826-496-5529x8661,2009-04-08,Accounting technician,Kirk Walsh,17
43,9edBC94aE7cA22a,Willie,Vang,F,haleymathews@example.net,741.168.6854x067,1978-02-02,Management consultant,Willie Vang,48
44,fFe7BAA737aDbe2,Miguel,Hill,F,tyrone56@example.org,5247842945,1930-08-26,Make,Miguel Hill,96
45,5F2f3fAca8B0946,Darren,Andrews,M,lhernandez@example.com,(975)799-4261,1997-10-04,Retail banker,Darren Andrews,29
46,6bFcfc3cc1BC6B4,Haley,Pugh,F,molly03@example.org,(746)182-6137x2453,1980-09-16,Commissioning editor,Haley Pugh,46
47,f3BD2cBF7eEb6df,Danielle,Estrada,F,jvang@example.org,(890)374-9518x772,1930-07-09,"Accountant, chartered management",Danielle Estrada,96
48,Ee4eB129dC7913A,Becky,Brady,M,erikmueller@example.org,(390)002-0863,1957-06-27,Seismic interpreter,Becky Brady,69
49,dBCEf340C3657Eb,Caitlyn,Frey,M,rivasdominique@example.org,805-021-3965x46344,1968-01-26,Jewellery designer,Caitlyn Frey,58
50,E47FB71DD9ACCd9,Joshua,Sweeney,M,daisymcgee@example.net,875.994.2100x535,1954-07-28,"Education officer, museum",Joshua Sweeney,72
51,eA3fDd79BE9f0E7,Heidi,Escobar,F,staffordtravis@example.net,601-155-3065x1131,1931-09-25,Estate manager/land agent,Heidi Escobar,95
52,aF0eE4547Bc025c,Brian,Oconnell,F,saralong@example.net,952-283-1423x733,1911-10-23,Physiotherapist,Brian Oconnell,115
53,9F5DeD7aD228F5a,Beverly,Esparza,F,iphelps@example.net,+1-327-578-8754x6771,1930-12-09,Passenger transport manager,Beverly Esparza,96
54,D3Fa0220dDE4d36,Nathaniel,Rivas,F,roberto29@example.com,(655)887-2040x37888,1908-11-17,Call centre manager,Nathaniel Rivas,118
55,60FdBFd5e7BE8fF,Debra,Payne,F,yolanda07@example.org,001-731-525-8400x52593,1927-08-20,Special educational needs teacher,Debra Payne,99
56,D8bF5Ab2b98caff,Mackenzie,Rocha,F,abbottyvette@example.net,4225525458,1980-10-21,Museum/gallery exhibitions officer,Mackenzie Rocha,46
57,CD8d33aA25bc8BB,Courtney,Watkins,F,ochang@example.org,210.683.2761x5883,2003-12-07,Pension scheme manager,Courtney Watkins,23
58,Fac3BfFf0A3d03c,Fred,Olsen,F,amyanderson@example.com,497-774-3053,1910-04-10,Archaeologist,Fred Olsen,116
59,e552D7ddafe1FFb,Ryan,Nelson,F,qnorman@example.org,956.330.2951,1924-05-02,Historic buildings inspector/conservation officer,Ryan Nelson,102
60,0f8deedb629A5f6,Grace,Phelps,M,clarkeangela@example.net,(034)867-8827x6777,1909-10-15,Petroleum engineer,Grace Phelps,117
61,bB9e49E506F65ed,Shari,Daugherty,M,kalvarado@example.org,001-951-655-4798x6124,1944-11-24,Curator,Shari Daugherty,82
62,Ed724605A403D91,Kelli,Garner,M,jodyvincent@example.org,995.000.4213x0982,2010-01-17,Retail banker,Kelli Garner,16
63,0aBE5ACb18E0c10,Jackie,Bennett,M,hutchinsonkirk@example.com,001-740-937-0846x0087,1915-11-11,Neurosurgeon,Jackie Bennett,111
64,5D2cb63CaAF53f6,Leslie,Conway,F,floreschristina@example.org,795.782.4384x555,1983-11-06,Chiropractor,Leslie Conway,43
65,Ee6974f90eeCe18,Harold,Barnett,F,nathan65@example.org,+1-026-265-6392,1943-03-15,"Biochemist, clinical",Harold Barnett,83
66,cEf02C076afa07f,Larry,Harper,M,maria32@example.org,+1-244-630-3792x4121,2021-05-05,"Scientist, water quality",Larry Harper,5
67,9Df5Ba591bF3EFf,Mike,Ward,F,imccullough@example.com,116-729-5046,1967-11-09,Hydrologist,Mike Ward,59
68,3faB1CBfEFBDdD4,Brittney,Rubio,F,corey92@example.com,593.976.2528,1959-12-24,"Biochemist, clinical",Brittney Rubio,67
69,Ebcefdf75eCb0a9,Frank,Pineda,M,daltoncalvin@example.net,(035)961-5060x9182,1926-03-10,Hospital pharmacist,Frank Pineda,100
70,e75e5DBfcb68887,Sandra,Wu,M,ubanks@example.com,+1-096-606-6454x067,1925-04-28,Warehouse manager,Sandra Wu,101
71,6a53a8D41dDF6de,Ryan,Benton,M,lopezdebbie@example.org,+1-695-557-9948x485,2020-10-06,Physiological scientist,Ryan Benton,6
72,F0d3bD1aaf9E3Bc,Tamara,Hull,M,meagan39@example.net,017.665.3744x7944,1933-01-31,English as a second language teacher,Tamara Hull,93
73,5bC87340799FBD0,Jean,Ritter,F,kristina76@example.com,(954)060-1066,1985-08-06,Financial trader,Jean Ritter,41
74,dBfA17Aaf16b4ab,Veronica,Briggs,F,weissbridget@example.com,+1-521-589-2387x48490,1974-06-08,Structural engineer,Veronica Briggs,52
75,c935b7Eb6FA0B0F,Kim,Andrews,F,wpetersen@example.org,7677125383,1990-11-15,"Biochemist, clinical",Kim Andrews,36
76,b3e15e65Ca2CcBf,Tina,Cunningham,M,wongmary@example.org,079-907-5051,1956-11-29,Race relations officer,Tina Cunningham,70
77,dade3452F0c32FD,Jonathon,Atkinson,M,gailfrench@example.net,874-037-2032x932,2011-07-19,"Psychologist, forensic",Jonathon Atkinson,15
78,AdEd6cfD85DeC46,Jermaine,Reid,F,vpaul@example.com,(742)214-8691,1974-08-18,Newspaper journalist,Jermaine Reid,52
79,DAf111987098ae4,Regina,Stevens,M,xpoole@example.net,891-359-2684,2011-11-28,Public house manager,Regina Stevens,15
80,6e6a5b885F6496d,Terrence,Huff,M,cassandra80@example.org,221.800.6408x5416,1944-02-27,Careers information officer,Terrence Huff,82
81,12DCb4ED8E01D5C,Tyler,Foley,F,johnathan72@example.org,001-386-469-3075x8030,1908-09-19,Economist,Tyler Foley,118
82,E1cB5cA8CA7CC0a,Andrew,Waters,M,nhall@example.net,+1-376-865-2765x3351,1948-05-14,Jewellery designer,Andrew Waters,78
83,AedDfaE8Cf49F07,Reginald,Stephenson,M,erikaball@example.net,+1-832-500-6044x475,2010-02-08,Contracting civil engineer,Reginald Stephenson,16
84,bff9853aFAeF772,Douglas,Reese,F,nixonvanessa@example.net,001-834-660-8312x9864,1961-11-11,Higher education lecturer,Douglas Reese,65
85,E883773cA5219Be,Helen,Williamson,F,melvin08@example.net,001-377-726-4229,1911-08-11,"Lecturer, further education",Helen Williamson,115
86,CB19EafEbBfF9eC,Mario,Vaughn,M,oblake@example.com,160-144-5039x12276,1990-07-08,Research scientist (life sciences),Mario Vaughn,36
87,5834700fbEd2771,Chelsea,Dickson,M,johnnyhendricks@example.net,001-698-651-0138x18588,1958-05-13,"Teacher, early years/pre",Chelsea Dickson,68
88,2b0Ab1Dc9E01D7E,Dustin,Bailey,M,pbarron@example.net,+1-965-621-1157x345,1908-08-22,Travel agency manager,Dustin Bailey,118
89,3f3a3D89ad042Dd,Harry,Medina,F,olsenmalik@example.net,+1-451-099-5805,1947-08-24,Technical sales engineer,Harry Medina,79
90,9425E2F38C408ef,Kathy,Haney,F,teresa37@example.com,(164)105-8456,1955-09-02,Charity fundraiser,Kathy Haney,71
91,F0aeC9c2759F3C6,Alison,Nixon,F,zmiles@example.net,3506680871,1941-07-10,Patent attorney,Alison Nixon,85
92,d6EA619A7C4aA95,Jamie,Hardy,F,sheenadouglas@example.com,(900)803-9295x11533,1994-07-17,"Conservator, furniture",Jamie Hardy,32
93,2A33E7Cad1bb0F5,Melody,Cox,F,evan90@example.org,(626)520-5080x3511,1974-07-30,Dance movement psychotherapist,Melody Cox,52
94,d181FFB7d3E68bb,Xavier,Cole,M,nicolas90@example.org,8164259975,1938-11-29,Financial planner,Xavier Cole,88
95,feaBf8dAE0C0d6F,Dillon,Guzman,F,angelanavarro@example.net,971-992-4521,1942-04-01,Air broker,Dillon Guzman,84
96,5eFda7caAeB260E,Dennis,Barnes,F,bmartin@example.org,001-095-524-2112x257,1954-07-30,Software engineer,Dennis Barnes,72
97,CCbFce93d3720bE,Steve,Patterson,F,latasha46@example.net,001-865-478-5157,1932-04-29,Barrister,Steve Patterson,94
98,2fEc528aFAF0b69,Wesley,Bray,M,regina11@example.org,995-542-3004x76800,1994-12-28,Police officer,Wesley Bray,32
99,Adc7ad9B6e4A1Fe,Summer,Oconnell,F,alexiscantrell@example.org,001-273-685-6932x092,2012-04-12,Broadcast journalist,Summer Oconnell,14
100,b8D0aD3490FC7e1,Mariah,Bernard,M,pcopeland@example.org,(341)594-6554x44657,2016-11-15,IT sales professional,Mariah Bernard,10
